{
  "Bull 1 (2020-2021)": {
    "1d": {
      "total_trades": 68,
      "win_rate": 0.6176470588235294,
      "net_profit_factor": 4.972164386332302,
      "net_expectancy": 0.14287544013212972,
      "net_sharpe_ratio": 0.24054815226118056,
      "max_drawdown_pct": 0.3138257997516547
    },
    "4h": {
      "total_trades": 0,
      "win_rate": 0.0,
      "net_profit_factor": 0.0,
      "net_expectancy": 0.0,
      "net_sharpe_ratio": 0.0,
      "max_drawdown_pct": 0.0
    }
  },
  "Bear (2021-2022)": {
    "1d": {
      "total_trades": 106,
      "win_rate": 0.2830188679245283,
      "net_profit_factor": 0.21673994084782744,
      "net_expectancy": -0.18096231362561982,
      "net_sharpe_ratio": -0.2916950721854468,
      "max_drawdown_pct": 19.612527546189703
    },
    "4h": {
      "total_trades": 0,
      "win_rate": 0.0,
      "net_profit_factor": 0.0,
      "net_expectancy": 0.0,
      "net_sharpe_ratio": 0.0,
      "max_drawdown_pct": 0.0
    }
  },
  "Chop (2023)": {
    "1d": {
      "total_trades": 46,
      "win_rate": 0.21739130434782608,
      "net_profit_factor": 0.20269443167953707,
      "net_expectancy": -0.22746121742684722,
      "net_sharpe_ratio": -0.1856345577675658,
      "max_drawdown_pct": 10.457133234004436
    },
    "4h": {
      "total_trades": 94,
      "win_rate": 0.425531914893617,
      "net_profit_factor": 0.9137935658796204,
      "net_expectancy": -0.0012862598109097054,
      "net_sharpe_ratio": -0.04081974653747917,
      "max_drawdown_pct": 0.2370699633169855
    }
  },
  "Bull 2 (2023-2024)": {
    "1d": {
      "total_trades": 88,
      "win_rate": 0.4772727272727273,
      "net_profit_factor": 1.117458958036767,
      "net_expectancy": 0.006461304872991888,
      "net_sharpe_ratio": 0.03176841152084077,
      "max_drawdown_pct": 1.5901630880239084
    },
    "4h": {
      "total_trades": 450,
      "win_rate": 0.49777777777777776,
      "net_profit_factor": 1.5267857561146014,
      "net_expectancy": 0.011847885918590702,
      "net_sharpe_ratio": 0.08180394469679227,
      "max_drawdown_pct": 1.7558733589084485
    }
  },
  "COVID Crash (2020)": {
    "1d": {
      "total_trades": 0,
      "win_rate": 0.0,
      "net_profit_factor": 0.0,
      "net_expectancy": 0.0,
      "net_sharpe_ratio": 0.0,
      "max_drawdown_pct": 0.0
    },
    "4h": {
      "total_trades": 0,
      "win_rate": 0.0,
      "net_profit_factor": 0.0,
      "net_expectancy": 0.0,
      "net_sharpe_ratio": 0.0,
      "max_drawdown_pct": 0.0
    }
  },
  "FTX Crash (2022)": {
    "1d": {
      "total_trades": 19,
      "win_rate": 0.15789473684210525,
      "net_profit_factor": 0.04903274112378657,
      "net_expectancy": -0.3742464189276968,
      "net_sharpe_ratio": -0.5040360328524605,
      "max_drawdown_pct": 7.297091469267714
    },
    "4h": {
      "total_trades": 0,
      "win_rate": 0.0,
      "net_profit_factor": 0.0,
      "net_expectancy": 0.0,
      "net_sharpe_ratio": 0.0,
      "max_drawdown_pct": 0.0
    }
  },
  "Overall": {
    "1d": {
      "total_trades": 439,
      "win_rate": 0.4396355353075171,
      "net_profit_factor": 0.8892956220291078,
      "net_expectancy": -0.014194600061006049,
      "net_sharpe_ratio": -0.019340313378066087,
      "max_drawdown_pct": 26.745277457876195
    },
    "4h": {
      "total_trades": 546,
      "win_rate": 0.4835164835164835,
      "net_profit_factor": 1.4441210545884973,
      "net_expectancy": 0.009425561592533091,
      "net_sharpe_ratio": 0.07128687005497363,
      "max_drawdown_pct": 1.7558733589084476
    }
  }
}